Domain,Status,Attractiveness,Demand,Length,Sectors,Created,Expires,Registrar
second.network,resell,120,23%,6,"General,Mathematics",22/05/2023 17:03,22/05/2026 17:03,"Spaceship, Inc."
tenth.network,available,116,7%,5,Mathematics,,,
flat.network,resell,116,24%,4,"Construction,Real Estate",24/09/2024 17:00,24/09/2025 17:00,"Sav.com, LLC"
tonic.network,expiring,114,22%,5,"Health and Fitness,Medicine,Science",27/08/2023 12:43,27/08/2025 12:43,"GoDaddy.com, LLC"
above.network,resell,112,22%,5,Business,24/01/2023 17:01,24/01/2026 17:01,"Spaceship, Inc."
hotshot.network,available,112,14%,7,"Business,Entertainment,Sports",,,
acute.network,expired,112,9%,5,"Mathematics,Medicine,Science",21/06/2024 03:43,21/06/2025 03:43,Dynadot Inc
abiding.network,available,106,5%,7,"General,Religion",,,
teen.network,resell,104,14%,4,"Education,Entertainment,Healthcare",01/06/2021 20:32,01/06/2027 20:32,Squarespace Domains II LLC
absent.network,available,102,8%,6,"Business,Education,Technology",,,
sixth.network,available,100,8%,5,Mathematics,,,
remove.network,resell,100,13%,6,"Construction,Manufacturing,Technology",11/07/2024 18:46,11/07/2026 18:46,"NameCheap, Inc."
adjunct.network,available,100,5%,7,Education,,,
eighth.network,available,100,6%,6,Mathematics,,,
abrupt.network,available,100,3%,6,"Medicine,Science",,,
third.network,resell,100,16%,5,Mathematics,25/05/2025 15:15,25/05/2026 15:15,"Sav.com, LLC - 43"
whiz.network,available,100,12%,4,"Business,Education,Technology",,,
whizz.network,expiring,98,11%,5,"Business,Education,Technology",05/09/2024 17:00,05/09/2025 17:00,Domain Science Kutatási Szolgáltató Korlátolt Felelősségű Társaság
alamode.network,available,96,12%,9,Fashion,,,
doable.network,available,96,9%,6,"Business,Education,Technology",,,
forgiving.network,available,96,3%,9,"Healthcare,Religion",,,
about.network,resell,94,28%,5,"Business,General,Media,Technology",22/04/2023 10:18,22/04/2026 10:18,"Sav.com, LLC"
abject.network,available,94,7%,6,Humanities,,,
adequate.network,available,94,9%,8,"Education,Healthcare,Technology",,,
adjective.network,available,92,5%,9,Education,,,
abroad.network,resell,92,12%,6,"Hospitality,Travel",27/02/2019 04:30,27/02/2026 04:30,Dynadot Inc
twentieth.network,available,92,3%,9,Mathematics,,,
exemplary.network,available,92,5%,9,"Business,Education,Healthcare",,,
nought.network,available,92,4%,6,Mathematics,,,
clear.network,resell,90,47%,5,"Manufacturing,Retail,Technology",26/02/2019 12:31,26/02/2026 12:31,"NameSilo, LLC"
adoring.network,available,90,2%,7,"Entertainment,Fashion,Retail",,,
endearing.network,available,90,1%,9,"Entertainment,Fashion,Retail",,,
gripping.network,available,90,3%,8,"Entertainment,Media,Technology",,,
riveting.network,available,90,6%,8,"Entertainment,Media,Technology",,,
abortive.network,available,90,1%,8,"Medicine,Science",,,
leash.network,available,90,7%,5,"General,Health and Fitness,Retail",,,
hundred.network,available,88,14%,7,Mathematics,,,
wide.network,resell,88,18%,4,"Business,Media,Technology",27/02/2018 17:14,27/02/2026 17:14,Dynadot Inc
adlib.network,expiring,88,7%,6,Entertainment,22/08/2019 08:15,22/08/2025 08:15,"Key-Systems, LLC"
sixteen.network,available,88,11%,7,Mathematics,,,
cipher.network,resell,86,29%,6,Mathematics,15/08/2022 13:15,15/08/2027 13:15,Dynadot Inc
engrossing.network,available,86,0%,10,"Entertainment,Media,Technology",,,
star.network,resell,86,40%,4,"Entertainment,Media,Sports",04/08/2020 10:24,04/08/2027 10:24,Dynadot Inc
aboriginal.network,available,86,10%,10,Humanities,,,
recondite.network,available,86,4%,9,"Arts,Humanities,Science",,,
adolescent.network,available,86,3%,10,"Education,Entertainment,Healthcare",,,
attendant.network,available,86,5%,9,"Healthcare,Hospitality,Transportation",,,
extempore.network,available,86,3%,9,Entertainment,,,
adjustable.network,available,84,3%,10,"Manufacturing,Retail,Technology",,,
fourteen.network,available,84,8%,8,Mathematics,,,
thousand.network,available,84,8%,8,Mathematics,,,
seventeen.network,available,84,7%,9,Mathematics,,,
deviate.network,available,84,12%,7,"Medicine,Science",,,
nineteen.network,available,84,8%,8,Mathematics,,,
acting.network,resell,84,12%,6,Entertainment,16/06/2022 01:56,16/06/2026 01:56,"GoDaddy.com, LLC"
twentytwo.network,available,84,11%,10,Mathematics,,,
accessory.network,available,84,8%,9,"Fashion,Retail,Technology",,,
thirteen.network,available,84,10%,8,Mathematics,,,
abkhaz.network,available,82,1%,6,Geography,,,
absorbent.network,available,82,3%,9,"Healthcare,Manufacturing,Retail",,,
abroach.network,available,82,1%,7,Food and Beverage,,,
abenaki.network,available,82,2%,7,Geography,,,
abdominal.network,available,82,1%,9,"Health and Fitness,Medicine",,,
cleansing.network,available,82,3%,9,Health and Fitness,,,
good.network,resell,82,47%,4,"Food and Beverage,General,Health and Fitness,Retail",10/12/2014 16:11,10/12/2025 16:11,"DomainSite, Inc."
enduring.network,available,82,9%,8,"Health and Fitness,Religion",,,
fivesome.network,available,82,1%,8,Sports,,,
decade.network,available,82,10%,6,Mathematics,,,
absolute.network,resell,80,25%,8,"Engineering,Mathematics,Science",30/04/2017 23:02,30/04/2026 23:02,"Global Domains International, Inc. DBA DomainCostClub.com"
dorsal.network,available,80,6%,6,"Medicine,Science",,,
worshipful.network,available,80,1%,10,"Education,Healthcare,Religion",,,
adoptable.network,available,80,3%,9,"Education,Healthcare",,,
forty.network,available,80,9%,5,Mathematics,,,
trio.network,available,80,21%,4,Entertainment,,,
yard.network,resell,80,26%,4,"Construction,General",22/06/2021 00:39,22/06/2029 00:39,Automattic Inc.
two.network,resell,80,24%,3,Mathematics,11/06/2024 01:05,11/06/2026 01:05,Porkbun LLC
sequent.network,available,80,7%,7,"Healthcare,Insurance,Transportation",,,
absorbable.network,available,80,0%,10,"Healthcare,Pharmaceuticals,Science",,,
capable.network,available,80,12%,7,"Business,Education,Technology",,,
abounding.network,available,78,2%,9,Agriculture,,,
athletic.network,resell,78,15%,8,"Health and Fitness,Sports",05/05/2023 13:00,05/05/2026 13:00,Dynadot Inc
recognised.network,available,78,3%,10,"Business,Education,Technology",,,
low.network,available,78,20%,3,"Business,Finance",,,
recognized.network,available,78,3%,10,"Business,Education,Technology",,,
absorptive.network,available,78,1%,10,"Healthcare,Manufacturing,Retail",,,
accurate.network,expiring,78,16%,8,"Engineering,Mathematics,Science",17/09/2024 17:00,17/09/2025 17:00,"Sav.com, LLC - 37"
abkhasian.network,available,78,1%,9,Geography,,,
adjacent.network,available,78,9%,8,"Construction,Real Estate,Retail",,,
acceptable.network,available,78,5%,10,"Business,Hospitality,Retail",,,
honestly.network,available,78,9%,8,"Business,Law",,,
adorable.network,available,78,8%,8,"Entertainment,Fashion,Retail",,,
dormant.network,available,78,4%,7,"Medicine,Science",,,
adrenal.network,available,78,4%,7,"Education,Healthcare,Science",,,
accepted.network,available,78,6%,8,"Business,Education,Technology",,,
accidental.network,available,78,11%,10,"Healthcare,Insurance,Transportation",,,
acceptant.network,available,78,1%,9,"Education,Healthcare",,,
abkhazian.network,available,78,1%,9,Geography,,,
accessible.network,available,78,21%,10,"Healthcare,Retail,Technology",,,
sixtynine.network,available,78,8%,10,Mathematics,,,
hundredth.network,available,76,1%,9,Mathematics,,,
ague.network,available,76,2%,4,"Geography,Medicine,Science",,,
addable.network,available,76,2%,7,"Engineering,Mathematics,Science",,,
nineteenth.network,available,76,3%,10,Mathematics,,,
adipose.network,available,76,2%,7,"Healthcare,Science",,,
threed.network,available,76,7%,7,Technology,,,
fifteenth.network,available,76,2%,9,Mathematics,,,
improvise.network,available,76,4%,9,Entertainment,,,
thousandth.network,available,76,1%,10,Mathematics,,,
resultant.network,available,76,2%,9,"Healthcare,Insurance,Transportation",,,
ventral.network,available,76,3%,7,Science,,,
adhesive.network,available,76,7%,8,"Construction,Manufacturing,Technology",,,
ancillary.network,available,76,6%,9,"Healthcare,Manufacturing,Technology",,,
incidental.network,available,76,4%,10,"Healthcare,Insurance,Transportation",,,
adaptable.network,available,76,9%,9,"Business,Education,Technology",,,
adaptive.network,available,76,28%,8,"Business,Education,Technology",,,
fourteenth.network,available,76,1%,10,Mathematics,,,
eighteen.network,available,76,7%,8,Mathematics,,,
acoustic.network,available,76,14%,8,Science,,,
firstrate.network,available,76,6%,10,Business,,,
energizing.network,available,76,3%,10,"Food and Beverage,Health and Fitness,Travel",,,
adherent.network,available,76,4%,8,"Politics,Religion",,,
thirteenth.network,available,76,4%,10,Mathematics,,,
abrasive.network,available,76,6%,8,"Construction,Manufacturing",,,
cleared.network,available,74,7%,7,"Healthcare,Law,Transportation",,,
admirable.network,available,74,5%,9,"Business,Education,Healthcare",,,
accepting.network,available,74,3%,9,"Education,Healthcare",,,
adrenergic.network,available,74,1%,10,"Education,Healthcare,Science",,,
supra.network,expiring,74,25%,5,"Medicine,Science",19/08/2024 17:02,19/08/2025 17:02,"Sav.com, LLC"
aberrant.network,available,74,6%,8,"Medicine,Science",,,
acuate.network,available,74,2%,6,"Engineering,Medicine,Science",,,
abnormal.network,available,74,16%,8,"Medicine,Science",,,
sensation.network,available,74,7%,9,"Entertainment,Media,Sports",,,
adenoid.network,available,74,1%,7,"Health and Fitness,Medicine,Science",,,
adamant.network,available,74,14%,7,Religion,,,
realizable.network,available,74,1%,10,"Business,Education,Technology",,,
broad.network,resell,74,13%,5,"Entertainment,General,Media",24/01/2018 19:54,24/01/2026 19:54,"GoDaddy.com, LLC"
manageable.network,available,74,4%,10,"Business,Education,Technology",,,
adapted.network,available,74,6%,7,"Healthcare,Manufacturing,Technology",,,
mavin.network,resell,74,7%,5,"Entertainment,Fashion,Technology",29/05/2024 13:02,29/05/2026 13:02,Domain Science Kutatási Szolgáltató Korlátolt Felelősségű Társaság
skilful.network,available,74,3%,7,"Education,Health and Fitness,Sports",,,
achievable.network,available,74,4%,10,"Business,Education,Technology",,,
seventieth.network,available,72,1%,10,Mathematics,,,
adiabatic.network,available,72,3%,9,"Engineering,Science",,,
sixtieth.network,available,72,1%,8,Mathematics,,,
adjectival.network,available,72,1%,10,Education,,,
ablaze.network,available,72,6%,6,Entertainment,,,
liv.network,expiring,72,27%,3,Mathematics,23/08/2024 17:02,23/08/2025 17:02,"Spaceship, Inc."
accustomed.network,available,72,1%,10,"Business,Education,Humanities",,,
ninetieth.network,available,72,1%,9,Mathematics,,,
champion.network,resell,72,28%,8,"Entertainment,Health and Fitness,Sports",31/01/2020 16:33,31/01/2026 16:33,Porkbun LLC
eightieth.network,available,72,1%,9,Mathematics,,,
absolutist.network,available,72,1%,10,"Humanities,Law,Politics",,,
ternary.network,available,72,7%,7,Mathematics,,,
existent.network,available,72,3%,8,"Mathematics,Science",,,
adaptative.network,available,72,1%,10,"Business,Education,Technology",,,
abloom.network,available,72,5%,6,Agriculture,,,
adonic.network,available,72,2%,6,"Arts,Education,Entertainment",,,
engrossed.network,available,72,1%,9,"Entertainment,Media,Technology",,,
trey.network,available,72,14%,4,Sports,,,
aching.network,available,72,4%,6,Healthcare,,,
absorbed.network,available,72,2%,8,"Entertainment,Media,Technology",,,
adjunctive.network,available,72,1%,10,"Healthcare,Manufacturing,Technology",,,
improvize.network,available,72,1%,9,Entertainment,,,
accusative.network,available,72,0%,10,"Humanities,Law",,,
tiptop.network,expired,70,24%,6,Fashion,25/06/2024 17:00,25/06/2025 17:00,"Sav.com, LLC - 12"
miserable.network,available,70,4%,9,Humanities,,,
gymnastic.network,available,70,3%,9,"Entertainment,Sports",,,
stillborn.network,available,70,2%,9,"Medicine,Science",,,
abradant.network,available,70,1%,8,"Construction,Manufacturing",,,
offhand.network,available,70,2%,7,Entertainment,,,
consequent.network,available,70,3%,10,"Business,Education,General,Technology",,,
lowdown.network,available,70,6%,8,"Entertainment,Media",,,
adamantine.network,available,70,4%,10,Religion,,,
recumbent.network,available,70,2%,9,"Healthcare,Medicine,Science",,,
admired.network,available,70,5%,7,"Business,Education,Healthcare",,,
absorbing.network,available,70,3%,9,"Entertainment,Media,Technology",,,
adjusted.network,available,70,5%,8,"Manufacturing,Retail,Technology",,,
acuminate.network,available,70,1%,9,"Engineering,Medicine,Science",,,
accumbent.network,available,70,1%,9,"Healthcare,Medicine,Science",,,
practiced.network,available,70,3%,9,"Education,Health and Fitness,Sports",,,
abulic.network,available,70,1%,6,Medicine,,,
decorated.network,available,68,3%,9,"Entertainment,Fashion,Retail",,,
aberdonian.network,available,68,1%,10,Geography,,,
achaian.network,available,68,2%,7,Humanities,,,
abducent.network,available,68,0%,8,Medicine,,,
vindicated.network,available,68,2%,10,"Humanities,Law,Politics",,,
sevener.network,available,68,1%,7,Mathematics,,,
aculeate.network,available,68,1%,8,"Engineering,Medicine,Science",,,
acerate.network,available,68,1%,7,Science,,,
threesome.network,available,68,5%,9,Entertainment,,,
aroused.network,available,68,3%,7,"Entertainment,Health and Fitness",,,
ablative.network,available,68,3%,8,Science,,,
octonary.network,available,68,1%,8,Mathematics,,,
septenary.network,available,68,1%,9,Mathematics,,,
scurvy.network,available,68,3%,6,Humanities,,,
activating.network,available,68,3%,10,"Healthcare,Manufacturing,Technology",,,
fortieth.network,available,68,0%,8,Mathematics,,,
stygian.network,available,68,5%,7,Humanities,,,
abnaki.network,available,68,1%,6,Geography,,,
abkhas.network,available,68,0%,6,Geography,,,
licenced.network,available,68,2%,8,"Business,Healthcare,Insurance",,,
thirtieth.network,available,68,1%,9,Mathematics,,,
ennead.network,available,68,5%,6,Mathematics,,,
foursome.network,available,68,4%,8,Sports,,,
achaean.network,available,68,2%,7,Humanities,,,
licensed.network,available,68,5%,8,"Business,Healthcare,Insurance",,,
fiftieth.network,available,68,0%,8,Mathematics,,,
ane.network,available,68,12%,3,Mathematics,,,
xxv.network,available,66,6%,3,Mathematics,,,
adorned.network,available,66,5%,7,"Entertainment,Fashion,Retail",,,
thirty.network,resell,66,8%,6,Mathematics,19/02/2025 18:21,19/02/2026 18:21,Domain Science Kutatási Szolgáltató Korlátolt Felelősségű Társaság
adopted.network,available,66,4%,7,"Education,Healthcare",,,
performing.network,available,66,6%,10,Entertainment,,,
acrobatic.network,available,66,4%,9,"Entertainment,Sports",,,
teenager.network,available,66,4%,8,"Education,Entertainment,Healthcare",,,
clv.network,available,66,10%,3,Mathematics,,,
buzzing.network,available,66,7%,7,"Entertainment,Media,Technology",,,
ninety.network,available,66,11%,6,Mathematics,,,
xvii.network,available,66,5%,4,Mathematics,,,
acappella.network,available,66,6%,10,Entertainment,,,
xxvi.network,available,66,3%,4,Mathematics,,,
xii.network,available,66,10%,3,Mathematics,,,
according.network,available,66,3%,9,"Business,Education,Technology",,,
accessary.network,available,66,1%,9,"Business,Law,Technology",,,
abstinent.network,available,66,1%,9,"Health and Fitness,Religion",,,
xxii.network,available,66,6%,4,Mathematics,,,
maven.network,resell,66,30%,5,"Entertainment,Fashion,Technology",17/02/2022 13:15,17/02/2026 13:15,"Sav.com, LLC"
tenner.network,available,66,5%,6,Finance,,,
acervate.network,available,66,1%,8,Science,,,
modish.network,available,66,5%,6,Fashion,,,
deuce.network,available,66,9%,5,Sports,,,
onec.network,available,66,6%,5,Mathematics,,,
xvi.network,available,66,5%,3,Mathematics,,,
exonerated.network,available,66,2%,10,"Humanities,Law,Politics",,,
five.network,resell,66,26%,4,Mathematics,19/10/2024 15:15,19/10/2025 15:15,"Sav.com, LLC - 21"
sextet.network,available,66,1%,6,Entertainment,,,
absolved.network,available,64,1%,8,"Humanities,Law,Religion",,,
accordant.network,available,64,3%,9,"Arts,Entertainment",,,
scatty.network,available,64,1%,6,"Arts,Entertainment,Media",,,
aflame.network,available,64,3%,6,Entertainment,,,
deviant.network,available,64,12%,7,"Medicine,Science",,,
adagio.network,available,64,14%,6,Entertainment,,,
astringent.network,available,64,1%,10,"Healthcare,Pharmaceuticals",,,
nondrinker.network,available,64,1%,10,"Health and Fitness,Religion",,,
acentric.network,available,64,2%,8,Science,,,
eleventh.network,available,62,5%,8,Mathematics,,,
ensuant.network,available,62,1%,7,"Healthcare,Insurance,Transportation",,,
aborigine.network,available,62,1%,9,Humanities,,,
eighteenth.network,available,62,1%,10,Mathematics,,,
longdozen.network,available,62,2%,10,Mathematics,,,
cumulative.network,available,62,2%,10,"Banking,Finance,Insurance",,,
pungent.network,available,62,1%,7,Food and Beverage,,,
adoptive.network,available,62,1%,8,"Education,Healthcare",,,
troika.network,available,62,8%,6,Politics,,,
chiliad.network,available,62,2%,7,Mathematics,,,
activistic.network,available,62,1%,10,"Humanities,Politics",,,
orso.network,available,62,9%,5,"Business,Media,Technology",,,
quartet.network,available,62,7%,7,"Arts,Entertainment",,,
exculpated.network,available,62,1%,10,"Humanities,Law,Politics",,,
aufait.network,available,62,3%,7,"Fashion,Media",,,
admissible.network,available,62,1%,10,"Education,Healthcare,Law",,,
playacting.network,available,62,1%,10,Entertainment,,,
accrued.network,available,62,2%,7,"Banking,Finance,Insurance",,,
twodozen.network,available,62,1%,9,Mathematics,,,
roughly.network,available,62,3%,7,"Business,Media,Technology",,,
adjuvant.network,available,62,5%,8,"Healthcare,Manufacturing,Technology",,,
accusing.network,available,62,1%,8,Law,,,
sixteenth.network,available,62,1%,9,Mathematics,,,
thou.network,available,60,7%,4,Mathematics,,,
cxxxv.network,available,60,2%,5,Mathematics,,,
abstainer.network,available,60,0%,9,"Health and Fitness,Religion",,,
annexal.network,available,60,1%,7,"Agriculture,Manufacturing,Retail",,,
cxx.network,available,60,10%,3,Mathematics,,,
cxlv.network,available,60,2%,4,Mathematics,,,
clxx.network,available,60,3%,4,Mathematics,,,
adnate.network,available,60,1%,6,"Agriculture,Manufacturing,Retail",,,
clxxx.network,available,60,1%,5,Mathematics,,,
octet.network,available,60,12%,5,Arts,,,
clxxv.network,available,60,1%,5,Mathematics,,,
cxv.network,available,60,4%,3,Mathematics,,,
clxv.network,available,60,1%,4,Mathematics,,,
acceptive.network,available,60,1%,9,"Education,Healthcare",,,
idolized.network,available,60,3%,8,"Entertainment,Fashion,Retail",,,
abstemious.network,available,60,0%,10,"Food and Beverage,Health and Fitness,Hospitality",,,
sixty.network,available,60,13%,5,Mathematics,,,
paunchy.network,available,60,0%,7,"Health and Fitness,Medicine",,,
eightysix.network,available,60,7%,10,Mathematics,,,
adnexal.network,available,60,1%,7,"Agriculture,Manufacturing,Retail",,,
aboveboard.network,available,60,5%,10,"Business,Law",,,
cautionary.network,available,60,1%,10,"Business,Education,Healthcare",,,
abashed.network,available,60,1%,7,Humanities,,,
cxxv.network,available,60,1%,4,Mathematics,,,
xcl.network,available,60,5%,3,Mathematics,,,
idolised.network,available,60,1%,8,"Entertainment,Fashion,Retail",,,
cxxx.network,available,60,4%,4,Mathematics,,,
heptad.network,available,58,1%,6,Mathematics,,,
sixer.network,available,58,5%,5,Sports,,,
alacarte.network,available,58,11%,10,Food and Beverage,,,
abused.network,available,58,5%,6,"Healthcare,Law",,,
closeto.network,available,58,3%,8,"Business,Media,Technology",,,
abuzz.network,available,58,5%,5,"Entertainment,Media,Technology",,,
centesimal.network,available,58,1%,10,Mathematics,,,
eighter.network,available,58,2%,7,Mathematics,,,
accoutred.network,available,58,1%,9,"Fashion,Manufacturing,Retail",,,
sixtyone.network,available,58,3%,9,Mathematics,,,
enwrapped.network,available,58,0%,9,"Entertainment,Fashion,Media",,,
adjustive.network,available,58,1%,9,"Manufacturing,Retail,Technology",,,
adient.network,available,58,4%,6,"Medicine,Science",,,
addible.network,available,58,2%,7,"Engineering,Mathematics,Science",,,
niner.network,available,58,5%,5,Mathematics,,,
super.network,resell,58,47%,5,Business,07/06/2024 15:15,07/06/2026 15:15,"Sav.com, LLC - 27"
hexad.network,available,58,4%,5,Mathematics,,,
fifth.network,available,58,12%,5,Mathematics,,,
twelfth.network,available,58,2%,7,Mathematics,,,
acyclic.network,available,58,4%,7,"Engineering,Mathematics,Science",,,
sextuplet.network,available,58,1%,9,Healthcare,,,
abridged.network,available,58,4%,8,Media,,,
tetrad.network,available,58,5%,6,Mathematics,,,
accretive.network,available,58,6%,9,"Banking,Finance,Insurance",,,
seventy.network,available,58,7%,7,Mathematics,,,
lxxviii.network,available,58,1%,7,Mathematics,,,
lxxx.network,available,58,2%,4,Mathematics,,,
pentad.network,available,58,2%,6,Mathematics,,,
fourscore.network,available,58,4%,9,Mathematics,,,
offhanded.network,available,58,1%,9,Entertainment,,,
addressed.network,available,58,3%,9,"Business,Technology,Telecommunications",,,
accented.network,available,58,3%,8,"Arts,Entertainment",,,
acetic.network,available,58,1%,6,"Food and Beverage,Science",,,
octad.network,available,58,5%,5,Mathematics,,,
justabout.network,available,58,3%,10,"Business,Media,Technology",,,
aucourant.network,available,58,3%,10,"Fashion,Media",,,
ache.network,available,58,7%,4,Healthcare,,,
admittible.network,available,56,1%,10,"Education,Healthcare,Hospitality",,,
potbellied.network,available,56,0%,10,"Health and Fitness,Medicine",,,
thirtysix.network,available,56,5%,10,Mathematics,,,
xli.network,available,56,5%,3,Mathematics,,,
xlii.network,available,56,5%,4,Mathematics,,,
fiftynine.network,available,56,4%,10,Mathematics,,,
admissive.network,available,56,1%,9,"Education,Healthcare,Hospitality",,,
admittable.network,available,56,1%,10,"Education,Healthcare,Hospitality",,,
xxxiv.network,available,56,1%,5,Mathematics,,,
xxiii.network,available,56,5%,5,Mathematics,,,
thirtytwo.network,available,56,5%,10,Mathematics,,,
abdominous.network,available,56,0%,10,"Health and Fitness,Medicine",,,
xxxvi.network,available,56,1%,5,Mathematics,,,
fortynine.network,available,56,3%,10,Mathematics,,,
xxix.network,available,56,4%,4,Mathematics,,,
lviii.network,available,56,1%,5,Mathematics,,,
xliv.network,available,56,2%,4,Mathematics,,,
appressed.network,available,56,0%,9,"Agriculture,Manufacturing,Retail",,,
xliii.network,available,56,1%,5,Mathematics,,,
halfdozen.network,available,56,1%,10,Mathematics,,,
fortysix.network,available,56,3%,9,Mathematics,,,
xlvi.network,available,56,3%,4,Mathematics,,,
xxxv.network,available,56,4%,4,Mathematics,,,
addled.network,available,56,2%,6,Entertainment,,,
lvi.network,available,56,8%,3,Mathematics,,,
xxxi.network,available,56,9%,4,Mathematics,,,
xlvii.network,available,56,2%,5,Mathematics,,,
accoutered.network,available,56,0%,10,"Fashion,Manufacturing,Retail",,,
xxxiii.network,available,56,2%,6,Mathematics,,,
xxxvii.network,available,56,2%,6,Mathematics,,,
fiftytwo.network,available,56,6%,9,Mathematics,,,
ilx.network,available,56,5%,3,Mathematics,,,
xxiv.network,available,56,5%,4,Mathematics,,,
lii.network,available,56,7%,3,Mathematics,,,
xxxii.network,available,56,1%,5,Mathematics,,,
abeyant.network,available,56,1%,7,"Business,Law",,,
fiftyfour.network,available,56,3%,10,Mathematics,,,
maledict.network,available,56,1%,8,Religion,,,
xlviii.network,available,56,1%,6,Mathematics,,,
terzetto.network,available,56,3%,8,Arts,,,
xxvii.network,available,56,3%,5,Mathematics,,,
thirtyone.network,available,56,5%,10,Mathematics,,,
xxviii.network,available,56,1%,6,Mathematics,,,
fiftyfive.network,available,56,7%,10,Mathematics,,,
lvii.network,available,56,1%,4,Mathematics,,,
liii.network,available,56,4%,4,Mathematics,,,
aone.network,resell,56,15%,5,Food and Beverage,22/02/2025 15:15,22/02/2026 15:15,"Sav.com, LLC - 29"
fiftysix.network,available,56,4%,9,Mathematics,,,
xlv.network,available,56,6%,3,Mathematics,,,
fortyone.network,available,56,4%,9,Mathematics,,,
xxxviii.network,available,56,1%,7,Mathematics,,,
abducens.network,available,54,1%,8,Medicine,,,
quadruplet.network,available,54,1%,10,"Healthcare,Medicine,Science",,,
abatic.network,available,54,1%,6,Science,,,
actuated.network,available,54,2%,8,"Automotive,Manufacturing,Technology",,,
adaxial.network,available,54,2%,7,Science,,,
ternion.network,available,54,3%,7,Mathematics,,,
fortyfive.network,available,54,4%,10,Mathematics,,,
unnatural.network,available,54,4%,9,"Medicine,Science",,,
threescore.network,available,54,1%,10,Mathematics,,,
viii.network,available,54,6%,4,Mathematics,,,
twoscore.network,available,54,2%,8,Mathematics,,,
adducting.network,available,54,1%,9,"Engineering,Mathematics,Science",,,
accentual.network,available,54,3%,9,"Arts,Entertainment",,,
scratchy.network,available,54,3%,8,Fashion,,,
quaternion.network,available,54,6%,10,Mathematics,,,
acoustical.network,available,54,4%,10,Science,,,
abhorrent.network,available,54,1%,9,Humanities,,,
monitory.network,available,54,3%,8,"Business,Education,Healthcare",,,
abasic.network,available,54,1%,6,Science,,,
achy.network,available,54,3%,4,Healthcare,,,
deserted.network,available,54,3%,8,"Hospitality,Real Estate",,,
abatable.network,available,54,1%,8,Law,,,
quintuplet.network,available,54,1%,10,"Healthcare,Medicine,Science",,,
quatern.network,available,54,2%,7,Mathematics,,,
adducent.network,available,54,1%,8,"Engineering,Mathematics,Science",,,
adjuratory.network,available,54,0%,10,"Law,Politics,Religion",,,
aboral.network,available,54,2%,6,Science,,,
deuceace.network,available,54,2%,9,Sports,,,
quaternity.network,available,54,4%,10,Mathematics,,,
topnotch.network,available,54,18%,8,Business,,,
adpressed.network,available,54,0%,9,"Agriculture,Manufacturing,Retail",,,
admonitory.network,available,54,0%,10,"Business,Education,Healthcare",,,
accursed.network,available,54,3%,8,"Entertainment,Media,Religion",,,
abient.network,available,54,1%,6,Science,,,
sise.network,available,54,5%,4,Mathematics,,,
achromatic.network,available,54,4%,10,Science,,,
abaxial.network,available,54,1%,7,Science,,,
adductive.network,available,54,0%,9,"Engineering,Mathematics,Science",,,
fin.network,resell,54,30%,3,Finance,22/02/2024 15:15,22/02/2028 15:15,Dynadot Inc
xxx.network,resell,53,30%,3,"Arts,Entertainment,Media",18/01/2025 12:54,18/01/2026 12:54,"Sav.com, LLC"
sestet.network,available,53,1%,6,Arts,,,
septet.network,available,53,1%,6,General,,,
xcvi.network,available,52,2%,4,Mathematics,,,
xci.network,available,52,4%,3,Mathematics,,,
xciii.network,available,52,1%,5,Mathematics,,,
eightyone.network,available,52,3%,10,Mathematics,,,
xcv.network,available,52,7%,3,Mathematics,,,
lxiii.network,available,52,2%,5,Mathematics,,,
lxxiv.network,available,52,1%,5,Mathematics,,,
lxxvi.network,available,52,1%,5,Mathematics,,,
ixl.network,available,52,9%,3,Mathematics,,,
adenoidal.network,available,52,1%,9,"Health and Fitness,Medicine,Science",,,
uphill.network,available,52,7%,6,"Sports,Transportation,Travel",,,
odious.network,available,52,2%,6,"Entertainment,Humanities",,,
littlejoe.network,available,52,2%,10,"Entertainment,Media",,,
sixtytwo.network,available,52,3%,9,Mathematics,,,
abominable.network,available,52,2%,10,"Entertainment,Humanities",,,
eightytwo.network,available,52,4%,10,Mathematics,,,
abusive.network,available,52,3%,7,"Healthcare,Law",,,
lxii.network,available,52,1%,4,Mathematics,,,
repulsive.network,available,52,1%,9,Humanities,,,
lxv.network,available,52,5%,3,Mathematics,,,
lxvi.network,available,52,3%,4,Mathematics,,,
lxxi.network,available,52,1%,4,Mathematics,,,
detestable.network,available,52,1%,10,Humanities,,,
sixtysix.network,available,52,4%,9,Mathematics,,,
chagrined.network,available,52,1%,9,Humanities,,,
xcviii.network,available,52,1%,6,Mathematics,,,
sixtyfive.network,available,52,3%,10,Mathematics,,,
lxxxiv.network,available,52,1%,6,Mathematics,,,
xciv.network,available,52,2%,4,Mathematics,,,
lxviii.network,available,52,1%,6,Mathematics,,,
lxxxv.network,available,52,1%,5,Mathematics,,,
xcvii.network,available,52,1%,5,Mathematics,,,
ablated.network,available,52,1%,7,Science,,,
sixtyfour.network,available,52,3%,10,Mathematics,,,
aboulic.network,available,52,1%,7,Medicine,,,
lxxxii.network,available,52,1%,6,Mathematics,,,
repugnant.network,available,52,1%,9,Humanities,,,
decumbent.network,available,52,1%,9,"Healthcare,Medicine,Science",,,
ninetysix.network,available,52,4%,10,Mathematics,,,
lxxv.network,available,52,1%,4,Mathematics,,,
lxxxvii.network,available,52,1%,7,Mathematics,,,
lxxiii.network,available,52,1%,6,Mathematics,,,
abstruse.network,available,52,5%,8,"Humanities,Mathematics,Science",,,
lxxii.network,available,52,1%,5,Mathematics,,,
ninetyone.network,available,52,5%,10,Mathematics,,,
abysmal.network,available,52,4%,7,"Arts,Entertainment,Media",,,
lxxxiii.network,available,52,1%,7,Mathematics,,,
lxiv.network,available,52,3%,4,Mathematics,,,
lxxxi.network,available,52,1%,5,Mathematics,,,
xcii.network,available,52,2%,4,Mathematics,,,
tierce.network,available,52,3%,6,General,,,
lxvii.network,available,52,1%,5,Mathematics,,,
lxi.network,available,52,5%,3,Mathematics,,,
ninetytwo.network,available,52,4%,10,Mathematics,,,
lxxxvi.network,available,52,1%,6,Mathematics,,,
lxxvii.network,available,52,2%,6,Mathematics,,,
abactinal.network,available,50,0%,9,Science,,,
ogdoad.network,available,50,1%,6,Mathematics,,,
adactylous.network,available,50,0%,10,Science,,,
gillless.network,available,50,0%,9,Science,,,
acaudal.network,available,50,1%,7,"Agriculture,Science",,,
vinegary.network,available,50,1%,8,Food and Beverage,,,
triplet.network,available,50,8%,7,Science,,,
acerose.network,available,50,1%,7,Science,,,
lxx.network,available,50,5%,3,Mathematics,,,
acellular.network,available,50,1%,9,Science,,,
acetous.network,available,50,1%,7,Science,,,
abranchial.network,available,50,0%,10,Science,,,
cinque.network,available,50,7%,6,Mathematics,,,
broached.network,available,50,0%,8,Food and Beverage,,,
acerbic.network,available,50,2%,7,"Arts,Humanities,Media",,,
aculeated.network,available,50,0%,9,"Engineering,Medicine,Science",,,
acerb.network,available,50,2%,5,Science,,,
acapnic.network,available,50,0%,7,"Healthcare,Medicine,Science",,,
acquitted.network,available,50,1%,9,Law,,,
acapnotic.network,available,50,0%,9,"Healthcare,Medicine,Science",,,
trine.network,available,50,11%,5,"General,Religion",,,
abbatial.network,available,50,0%,8,Religion,,,
abomasal.network,available,50,0%,8,Agriculture,,,
scummy.network,available,50,1%,6,Humanities,,,
acetose.network,available,50,1%,7,Science,,,
adhominem.network,available,50,2%,10,"Humanities,Law,Politics",,,
aborticide.network,available,50,0%,10,Medicine,,,
needlelike.network,available,50,0%,10,"Engineering,Medicine,Science",,,
abducting.network,available,50,0%,9,Medicine,,,
abdicable.network,available,50,0%,9,Law,,,
spinous.network,available,50,1%,7,"Agriculture,Science",,,
abstracted.network,available,48,5%,10,"Arts,Humanities,Science",,,
notguilty.network,available,48,5%,10,Law,,,
ilxx.network,available,48,1%,4,Mathematics,,,
ilxxx.network,available,48,1%,5,Mathematics,,,
lxxxviii.network,available,48,1%,8,Mathematics,,,
execrable.network,available,48,0%,9,"Entertainment,Humanities",,,
theabsurd.network,available,46,1%,10,"Arts,Entertainment,Media",,,
stemless.network,available,46,2%,8,"Agriculture,Science",,,
acetylenic.network,available,46,1%,10,Science,,,
achromic.network,available,46,2%,8,Science,,,
acapnial.network,available,46,0%,8,"Healthcare,Medicine,Science",,,
acicular.network,available,46,2%,8,Science,,,
acanthotic.network,available,46,0%,10,"Agriculture,Science",,,
cotyloid.network,available,46,1%,8,Science,,,
achenial.network,available,46,1%,8,Science,,,
acanthoid.network,available,46,1%,9,"Agriculture,Science",,,
acarpous.network,available,46,0%,8,"Agriculture,Science",,,
acetonic.network,available,46,1%,8,Science,,,
stripling.network,available,46,2%,9,"Education,Entertainment,Healthcare",,,
achromous.network,available,46,1%,9,Science,,,
acephalous.network,available,46,1%,10,Science,,,
vinegarish.network,available,46,1%,10,Food and Beverage,,,
acaudate.network,available,46,1%,8,"Agriculture,Science",,,
quaternary.network,available,46,3%,10,Mathematics,,,
acetabular.network,available,46,1%,10,Science,,,
acanthous.network,available,46,0%,9,"Agriculture,Science",,,
acheronian.network,available,46,1%,10,Humanities,,,
acetylic.network,available,46,1%,8,Science,,,
acarpelous.network,available,46,0%,10,"Agriculture,Science",,,
acherontic.network,available,44,1%,10,Humanities,,,
cotyloidal.network,available,44,1%,10,Science,,,
accusatory.network,available,44,1%,10,Law,,,
phoebe.network,available,41,14%,6,Science,,,
abscessed.network,available,41,0%,9,Healthcare,,,
scurrilous.network,available,40,1%,10,"Entertainment,Media,Politics",,,
accusive.network,available,40,1%,8,Law,,,
accurst.network,available,40,1%,7,Religion,,,